,collection,collection_url,collection_address,asset_contract_address,ascending,cursor,page_num,n_request,limit,comment
0,Bored Ape Yacht Club,https://opensea.io/collection/boredapeyachtclub,0xBC4CA0EdA7647A8aB7C2061c2E118A18a936f13D,0xBC4CA0EdA7647A8aB7C2061c2E118A18a936f13D,False,LWV2ZW50X3RpbWVzdGFtcD0yMDIyLTA2LTEyKzIwJTNBMTklM0E1NC40MjY3NTUmLXBrPTY4NDU5NjE2MDA=,15937.0,50000,300,
1,Mutant Ape Yacht Club,https://opensea.io/collection/mutant-ape-yacht-club,0x60E4d786628Fea6478F785A6d7e704777c86a7c6,0x60E4d786628Fea6478F785A6d7e704777c86a7c6,False,LWV2ZW50X3RpbWVzdGFtcD0yMDIyLTA2LTEzKzA0JTNBMDUlM0EyNi4wODc0ODcmLXBrPTY4NTMzNTQzMjY=,17941.0,50000,300,
2,Azuki,https://opensea.io/collection/azuki,0xED5AF388653567Af2F388E6224dC7C4b3241C544,0xED5AF388653567Af2F388E6224dC7C4b3241C544,False,LWV2ZW50X3RpbWVzdGFtcD0yMDIyLTA1LTI3KzA0JTNBNDAlM0EzMy4xMjg0OTcmLXBrPTY0NDk3NjAwMzY=,15023.0,50000,300,
3,CLONE X - X TAKASHI MURAKAMI,https://opensea.io/collection/clonex,0x49cF6f5d44E70224e2E23fDcdd2C053F30aDA28B,0x49cF6f5d44E70224e2E23fDcdd2C053F30aDA28B,False,LWV2ZW50X3RpbWVzdGFtcD0yMDIyLTA0LTMwKzIxJTNBMjglM0EwNC44NzUwODAmLXBrPTU2MDMyNTc0Njk=,229901.0,20000,300,
4,Moonbirds,https://opensea.io/collection/proof-moonbirds,0x23581767a106ae21c074b2276D25e5C3e136a68b,0x23581767a106ae21c074b2276D25e5C3e136a68b,False,,,0,300,job completed
5,Doodles,https://opensea.io/collection/doodles-official,0x8a90CAb2b38dba80c64b7734e58Ee1dB38B8992e,0x8a90CAb2b38dba80c64b7734e58Ee1dB38B8992e,False,LWV2ZW50X3RpbWVzdGFtcD0yMDIyLTAzLTI5KzIxJTNBNDclM0ExMi42MzI4MjAmLXBrPTQ1NjM3NTg2NzE=,201511.0,20000,300,
6,Meebits,https://opensea.io/collection/meebits,0x7Bd29408f11D2bFC23c34f18275bBf23bB716Bc7,0x7Bd29408f11D2bFC23c34f18275bBf23bB716Bc7,False,LWV2ZW50X3RpbWVzdGFtcD0yMDIyLTA2LTEyKzE2JTNBNDQlM0EyMy45NjIxOTAmLXBrPTY4NDIyODYzNzg=,45281.0,50000,300,
7,Cool Cats NFT,https://opensea.io/collection/cool-cats-nft,0x1A92f7381B9F03921564a437210bB9396471050C,0x1A92f7381B9F03921564a437210bB9396471050C,False,LWV2ZW50X3RpbWVzdGFtcD0yMDIyLTA1LTEwKzAyJTNBNDYlM0ExMy4zNjY4MTkmLXBrPTU5NDcxNDA4MjY=,118062.0,30000,300,
8,Bored Ape Kennel Club,https://opensea.io/collection/bored-ape-kennel-club,0xba30E5F9Bb24caa003E9f2f0497Ad287FDF95623,0xba30E5F9Bb24caa003E9f2f0497Ad287FDF95623,False,LWV2ZW50X3RpbWVzdGFtcD0yMDIyLTA1LTE5KzEzJTNBNDElM0EzMi41MzM0MTcmLXBrPTYzMDM4NjAwOTM=,53114.0,50000,300,
9,CrypToadz by GREMPLIN,https://opensea.io/collection/cryptoadz-by-gremplin,0x1CB1A5e65610AEFF2551A50f76a87a7d3fB649C6,0x1CB1A5e65610AEFF2551A50f76a87a7d3fB649C6,False,LWV2ZW50X3RpbWVzdGFtcD0yMDIyLTA2LTE1KzA4JTNBMDElM0EyOS43MTc4MDEmLXBrPTY4OTg4MTc1MDA=,49742.0,50000,300,
10,World of Women,https://opensea.io/collection/world-of-women-nft,0xe785E82358879F061BC3dcAC6f0444462D4b5330,0xe785E82358879F061BC3dcAC6f0444462D4b5330,False,LWV2ZW50X3RpbWVzdGFtcD0yMDIyLTA0LTI0KzExJTNBMjklM0E0My40ODIwNzcmLXBrPTUzNjk5MTA3Mzk=,112951.0,30000,300,
11,HAPE PRIME,https://opensea.io/collection/hapeprime,0x4Db1f25D3d98600140dfc18dEb7515Be5Bd293Af,0x4Db1f25D3d98600140dfc18dEb7515Be5Bd293Af,False,LWV2ZW50X3RpbWVzdGFtcD0yMDIyLTAzLTA2KzEzJTNBMTglM0EzMS4yNjkwMjImLXBrPTM5MDQxODI4Nzc=,125033.0,30000,300,
12,MekaVerse,https://opensea.io/collection/mekaverse,0x9A534628B4062E123cE7Ee2222ec20B86e16Ca8F,0x9A534628B4062E123cE7Ee2222ec20B86e16Ca8F,False,LWV2ZW50X3RpbWVzdGFtcD0yMDIyLTA1LTEwKzA0JTNBMDIlM0EzOS4wMDUwOTAmLXBrPTU5NDg4MTU0NDA=,23336.0,50000,300,
13,Karafuru,https://opensea.io/collection/karafuru,0xd2F668a8461D6761115dAF8Aeb3cDf5F40C532C6,0xd2F668a8461D6761115dAF8Aeb3cDf5F40C532C6,False,LWV2ZW50X3RpbWVzdGFtcD0yMDIyLTA1LTI2KzE0JTNBMDElM0EwNi4xMjkzNjImLXBrPTY0Mjk0MzU5MjA=,23376.0,50000,300,
14,Invisible Friends,https://opensea.io/collection/invisiblefriends,0x59468516a8259058baD1cA5F8f4BFF190d30E066,0x59468516a8259058baD1cA5F8f4BFF190d30E066,False,LWV2ZW50X3RpbWVzdGFtcD0yMDIyLTA2LTAyKzEzJTNBMDklM0E1OS4wMTE5MjQmLXBrPTY2NDM3MTI4NTI=,30860.0,50000,300,
15,mfers,https://opensea.io/collection/mfers,0x79FCDEF22feeD20eDDacbB2587640e45491b757f,0x79FCDEF22feeD20eDDacbB2587640e45491b757f,False,LWV2ZW50X3RpbWVzdGFtcD0yMDIyLTA2LTExKzEwJTNBNDYlM0EwNC43NTAxOTYmLXBrPTY4MTIxNzI1NzM=,38769.0,50000,300,
16,PhantaBear,https://opensea.io/collection/phantabear,0x67D9417C9C3c250f61A83C7e8658daC487B56B09,0x67D9417C9C3c250f61A83C7e8658daC487B56B09,False,LWV2ZW50X3RpbWVzdGFtcD0yMDIyLTA0LTE5KzAwJTNBMjIlM0EwMy4yMTQ2NzUmLXBrPTUxNjg1OTQ3NjA=,21215.0,50000,300,
17,CyberKongz VX,https://opensea.io/collection/cyberkongz-vx,0x7EA3Cca10668B8346aeC0bf1844A49e995527c8B,0x7EA3Cca10668B8346aeC0bf1844A49e995527c8B,False,LWV2ZW50X3RpbWVzdGFtcD0yMDIyLTA1LTAxKzA0JTNBNDAlM0EwMS4zOTg4MTYmLXBrPTU2MTM2NTIyNTM=,24981.0,50000,300,
18,Cool Pets NFT,https://opensea.io/collection/coolpetsnft,0x86C10D10ECa1Fca9DAF87a279ABCcabe0063F247,0x86C10D10ECa1Fca9DAF87a279ABCcabe0063F247,False,LWV2ZW50X3RpbWVzdGFtcD0yMDIyLTA1LTI4KzAxJTNBMTglM0E0MS44MTE5MDEmLXBrPTY0NzgwOTA4NzY=,57660.0,50000,300,
19,Lazy Lions,https://opensea.io/collection/lazy-lions,0x8943C7bAC1914C9A7ABa750Bf2B6B09Fd21037E0,0x8943C7bAC1914C9A7ABa750Bf2B6B09Fd21037E0,False,LWV2ZW50X3RpbWVzdGFtcD0yMDIyLTA1LTE1KzA3JTNBMzclM0ExNC4zNTQ2NTEmLXBrPTYxMzczMTQ4NDc=,89095.0,50000,300,
20,Kaiju Kingz,https://opensea.io/collection/kaiju-kingz,0x0c2E57EFddbA8c768147D1fdF9176a0A6EBd5d83,0x0c2E57EFddbA8c768147D1fdF9176a0A6EBd5d83,False,LWV2ZW50X3RpbWVzdGFtcD0yMDIyLTA1LTI3KzEzJTNBMDclM0E0OS45NTMyMDkmLXBrPTY0NjE0NjA4NjY=,60898.0,50000,300,
21,goblintown.wtf,https://opensea.io/collection/goblintownwtf,0xbCe3781ae7Ca1a5e050Bd9C4c77369867eBc307e,0xbCe3781ae7Ca1a5e050Bd9C4c77369867eBc307e,False,LWV2ZW50X3RpbWVzdGFtcD0yMDIyLTA3LTE0KzAyJTNBMzMlM0ExMy42NDA2MzgmLXBrPTcxMzYwMjc1OTY=,2504.0,50000,300,
22,mcgoblinwtf,https://opensea.io/collection/mcgoblinwtf,0xc5B52253f5225835cc81C52cdb3d6A22bc3B0c93,0xc5B52253f5225835cc81C52cdb3d6A22bc3B0c93,False,LWV2ZW50X3RpbWVzdGFtcD0yMDIyLTA2LTExKzIzJTNBMTAlM0E0NS4yNjc2MzImLXBrPTY4MjQzMzAzODg=,13364.0,50000,300,
23,CryptoPunks,https://opensea.io/collection/cryptopunks,0xb47e3cd837dDF8e4c57F05d70Ab865de6e193BBB,0xb47e3cd837dDF8e4c57F05d70Ab865de6e193BBB,False,,735.0,0,300,job completed
24,Otherdeed for Otherside,https://opensea.io/collection/otherdeed,0x34d85c9CDeB23FA97cb08333b511ac86E1C4E258,0x34d85c9CDeB23FA97cb08333b511ac86E1C4E258,False,LWV2ZW50X3RpbWVzdGFtcD0yMDIyLTA2LTExKzIyJTNBMjglM0E1My4xNjE2MTAmLXBrPTY4MjM2OTE2MTk=,24861.0,50000,300,
25,Loot (for Adventurers),https://opensea.io/collection/lootproject,0xFF9C1b15B16263C61d017ee9F65C50e4AE0113D7,0xFF9C1b15B16263C61d017ee9F65C50e4AE0113D7,False,LWV2ZW50X3RpbWVzdGFtcD0yMDIyLTA1LTMxKzA1JTNBMTYlM0E1Ny42OTU5ODkmLXBrPTY1Njc1ODM4Nzg=,121.0,50000,300,
26,CryptoKitties,https://opensea.io/collection/cryptokitties,0x06012c8cf97BEaD5deAe237070F9587f8E7A266d,0x06012c8cf97BEaD5deAe237070F9587f8E7A266d,False,LWV2ZW50X3RpbWVzdGFtcD0yMDIxLTA1LTE2KzA4JTNBMjMlM0E0NiYtcGs9MTYzNTEwNDU5,926.0,50000,300,
27,Parallel Alpha,https://opensea.io/collection/parallelalpha,0x76BE3b62873462d2142405439777e971754E8E77,0x76BE3b62873462d2142405439777e971754E8E77,False,LWV2ZW50X3RpbWVzdGFtcD0yMDIyLTA1LTIwKzA3JTNBMzglM0E1OC45Mzg3MTkmLXBrPTYzMzU3NTgzMDI=,432.0,50000,300,
28,BEANZ Official,https://opensea.io/collection/beanzofficial,0x306b1ea3ecdf94aB739F1910bbda052Ed4A9f949,0x306b1ea3ecdf94aB739F1910bbda052Ed4A9f949,False,LWV2ZW50X3RpbWVzdGFtcD0yMDIyLTA3LTA4KzEyJTNBNTklM0E1OS45ODE4MzQmLXBrPTcxMDEwMDcxNDI=,434.0,50000,300,
29,Bored Ape Chemistry Club,https://opensea.io/collection/bored-ape-chemistry-club,0x22c36BfdCef207F9c0CC941936eff94D4246d14A,0x22c36BfdCef207F9c0CC941936eff94D4246d14A,False,LWV2ZW50X3RpbWVzdGFtcD0yMDIxLTA4LTI5KzE3JTNBNTElM0ExMSYtcGs9Njg1OTA1Mzk2,102.0,50000,300,
30,Pudgy Penguins,https://opensea.io/collection/pudgypenguins,0xBd3531dA5CF5857e7CfAA92426877b022e612cf8,0xBd3531dA5CF5857e7CfAA92426877b022e612cf8,False,LWV2ZW50X3RpbWVzdGFtcD0yMDIyLTA3LTEyKzE3JTNBNTMlM0E0NS4yMTQ3MTUmLXBrPTcxMjcxMTE5MjE=,360.0,50000,300,
31,VeeFriends,https://opensea.io/collection/veefriends,0xa3AEe8BcE55BEeA1951EF834b99f3Ac60d1ABeeB,0xa3AEe8BcE55BEeA1951EF834b99f3Ac60d1ABeeB,False,LWV2ZW50X3RpbWVzdGFtcD0yMDIyLTA2LTE0KzA3JTNBMzElM0EzMS4wNjc2OTYmLXBrPTY4NzU5MjAwODE=,402.0,50000,300,
32,RTFKT - MNLTH,https://opensea.io/collection/rtfkt-mnlth,0x86825dFCa7A6224cfBd2DA48e85DF2fc3Aa7C4B1,0x86825dFCa7A6224cfBd2DA48e85DF2fc3Aa7C4B1,False,,233.0,0,300,job completed
33,Sorare,https://opensea.io/collection/sorare,0x629A673A8242c2AC4B7B8C5D8735fbeac21A6205,0x629A673A8242c2AC4B7B8C5D8735fbeac21A6205,False,LWV2ZW50X3RpbWVzdGFtcD0yMDIwLTA5LTI5KzA1JTNBMjklM0EwOSYtcGs9NzM1NTM1MjE=,4797.0,50000,300,
34,NFT Worlds,https://opensea.io/collection/nft-worlds,0xBD4455dA5929D5639EE098ABFaa3241e9ae111Af,0xBD4455dA5929D5639EE098ABFaa3241e9ae111Af,False,LWV2ZW50X3RpbWVzdGFtcD0yMDIyLTA2LTI2KzA1JTNBMDAlM0E0MS4zOTk1MzMmLXBrPTcwMTExOTk0MTI=,69.0,50000,300,
35,0N1 Force,https://opensea.io/collection/0n1-force,0x3bf2922f4520a8BA0c2eFC3D2a1539678DaD5e9D,0x3bf2922f4520a8BA0c2eFC3D2a1539678DaD5e9D,False,LWV2ZW50X3RpbWVzdGFtcD0yMDIyLTA2LTE1KzE0JTNBMjQlM0E1Ni4xNDc5NjcmLXBrPTY5MDQxNzMzNDM=,461.0,50000,300,
36,Murakami.Flowers Seed,https://opensea.io/collection/murakami-flowers-seed,0x341A1c534248966c4b6AFaD165B98DAED4B964ef,0x341A1c534248966c4b6AFaD165B98DAED4B964ef,False,,222.0,0,300,job completed
37,ZED RUN Legacy,https://opensea.io/collection/zed-run-legacy,0xA5F1Ea7DF861952863dF2e8d1312f7305dabf215,0xA5F1Ea7DF861952863dF2e8d1312f7305dabf215,False,LWV2ZW50X3RpbWVzdGFtcD0yMDIyLTAzLTA1KzE4JTNBNDIlM0EyOS40MjE3MzgmLXBrPTM4ODM3NjQ2NzI=,10001.0,10000,300,
38,ENS: Ethereum Name Service,https://opensea.io/collection/ens,0x57f1887a8BF19b14fC0dF6Fd9B2acc9Af147eA85,0x57f1887a8BF19b14fC0dF6Fd9B2acc9Af147eA85,False,LWV2ZW50X3RpbWVzdGFtcD0yMDIyLTA3LTIwKzAxJTNBMjElM0ExNy41MDIwNTAmLXBrPTcxNjg4NTQwODA=,589.0,50000,300,
39,adidas Originals Into the Metaverse,https://opensea.io/collection/adidasoriginals,0x28472a58A490c5e09A238847F66A68a47cC76f0f,0x28472a58A490c5e09A238847F66A68a47cC76f0f,False,LWV2ZW50X3RpbWVzdGFtcD0yMDIyLTA1LTEwKzIzJTNBMTYlM0EzMy44OTc4MzImLXBrPTU5Nzg3MTg2NTY=,76.0,50000,300,
40,PXN: Ghost Division,https://opensea.io/collection/pxnghostdivision,0x160C404B2b49CBC3240055CEaEE026df1e8497A0,0x160C404B2b49CBC3240055CEaEE026df1e8497A0,False,LWV2ZW50X3RpbWVzdGFtcD0yMDIyLTA3LTA0KzEzJTNBMTYlM0EwMi4zODgyNzQmLXBrPTcwNzEwMDIzMTA=,417.0,50000,300,
41,Hashmasks,https://opensea.io/collection/hashmasks,0xC2C747E0F7004F9E8817Db2ca4997657a7746928,0xC2C747E0F7004F9E8817Db2ca4997657a7746928,False,LWV2ZW50X3RpbWVzdGFtcD0yMDIyLTA2LTI0KzExJTNBMDIlM0EzNS40MzU1NDgmLXBrPTcwMDE5OTkxMjc=,250.0,50000,300,
42,My Curio Cards,https://opensea.io/collection/curiocardswrapper,0x73DA73EF3a6982109c4d5BDb0dB9dd3E3783f313,0x73DA73EF3a6982109c4d5BDb0dB9dd3E3783f313,False,LWV2ZW50X3RpbWVzdGFtcD0yMDIxLTExLTAyKzA4JTNBMjQlM0E1OCYtcGs9MTY1NjcwMDQwNw==,435.0,50000,300,
43,RTFKT - CloneX Mintvial,https://opensea.io/collection/clonex-mintvial,0x348FC118bcC65a92dC033A951aF153d14D945312,0x348FC118bcC65a92dC033A951aF153d14D945312,False,,9305.0,0,300,job completed
44,FLUF World,https://opensea.io/collection/fluf,0xCcc441ac31f02cD96C153DB6fd5Fe0a2F4e6A68d,0xCcc441ac31f02cD96C153DB6fd5Fe0a2F4e6A68d,False,LWV2ZW50X3RpbWVzdGFtcD0yMDIxLTA5LTIxKzA0JTNBMTElM0EyNC4xOTgxNzgmLXBrPTEwMDc2MzM5NTg=,50001.0,50000,300,
45,Creature World,https://opensea.io/collection/creatureworld,0xc92cedDfb8dd984A89fb494c376f9A48b999aAFc,0xc92cedDfb8dd984A89fb494c376f9A48b999aAFc,False,LWV2ZW50X3RpbWVzdGFtcD0yMDIyLTA3LTA1KzE5JTNBNTQlM0ExOC4zMDc2MTgmLXBrPTcwODE1ODEzNzY=,313.0,50000,300,
46,3Landers,https://opensea.io/collection/3landers,0xb4d06d46A8285F4EC79Fd294F78a881799d8cEd9,0xb4d06d46A8285F4EC79Fd294F78a881799d8cEd9,False,LWV2ZW50X3RpbWVzdGFtcD0yMDIyLTA3LTE4KzIzJTNBNDYlM0EyMS43Nzg0MjkmLXBrPTcxNjI5ODgxODQ=,58.0,50000,300,
47,CyberBrokers,https://opensea.io/collection/cyberbrokers,0x892848074ddeA461A15f337250Da3ce55580CA85,0x892848074ddeA461A15f337250Da3ce55580CA85,False,LWV2ZW50X3RpbWVzdGFtcD0yMDIyLTA2LTEzKzE0JTNBMDklM0ExMy4zNjk5NDImLXBrPTY4NjEzMzYzMzQ=,660.0,50000,300,
48,Prime Ape Planet PAP,https://opensea.io/collection/primeapeplanetpap,0x6632a9d63E142F17a668064D41A21193b49B41a0,0x6632a9d63E142F17a668064D41A21193b49B41a0,False,LWV2ZW50X3RpbWVzdGFtcD0yMDIyLTA2LTE5KzIzJTNBMzglM0E1NC43NDIzOTMmLXBrPTY5NjE3NTQ2Mzc=,248.0,50000,300,
49,The Doge Pound,https://opensea.io/collection/the-doge-pound,0xF4ee95274741437636e748DdAc70818B4ED7d043,0xF4ee95274741437636e748DdAc70818B4ED7d043,False,LWV2ZW50X3RpbWVzdGFtcD0yMDIyLTA2LTE2KzA2JTNBMDklM0E0OS4zNzg5MDMmLXBrPTY5MTU4Nzg1MTc=,417.0,50000,300,
50,DeadFellaz,https://opensea.io/collection/deadfellaz,0x2acAb3DEa77832C09420663b0E1cB386031bA17B,0x2acAb3DEa77832C09420663b0E1cB386031bA17B,False,LWV2ZW50X3RpbWVzdGFtcD0yMDIyLTA3LTEzKzA3JTNBMjAlM0E1OS42MTEyMzUmLXBrPTcxMzEwMDY1NDM=,83.0,50000,300,
51,World of Women Galaxy,https://opensea.io/collection/world-of-women-galaxy,0xf61F24c2d93bF2dE187546B14425BF631F28d6dC,0xf61F24c2d93bF2dE187546B14425BF631F28d6dC,False,LWV2ZW50X3RpbWVzdGFtcD0yMDIyLTA1LTIxKzA1JTNBMjUlM0E0Ni43NjUyNTAmLXBrPTYzNTM5NTM3ODk=,24831.0,50000,300,
52,Creepz Genesis,https://opensea.io/collection/genesis-creepz,0xfE8C6d19365453D26af321D0e8c910428c23873F,0xfE8C6d19365453D26af321D0e8c910428c23873F,False,LWV2ZW50X3RpbWVzdGFtcD0yMDIyLTA1LTE4KzA0JTNBMzklM0E1OC40NjcwMTImLXBrPTYyNDk4MDk2MzA=,1118.0,50000,300,
53,alien frens,https://opensea.io/collection/alienfrensnft,0x123b30E25973FeCd8354dd5f41Cc45A3065eF88C,0x123b30E25973FeCd8354dd5f41Cc45A3065eF88C,False,LWV2ZW50X3RpbWVzdGFtcD0yMDIyLTA3LTE1KzA3JTNBMDElM0EzMC4xNDY2MjUmLXBrPTcxNDI1NDA5NjQ=,110.0,50000,300,
54,VeeFriends Series 2,https://opensea.io/collection/veefriends-series-2,0x9378368ba6b85c1FbA5b131b530f5F5bEdf21A18,0x9378368ba6b85c1FbA5b131b530f5F5bEdf21A18,False,LWV2ZW50X3RpbWVzdGFtcD0yMDIyLTA3LTEwKzIyJTNBNDMlM0EwMC4zMjQ2MTYmLXBrPTcxMTUxNzA0MjA=,247.0,50000,300,
55,Axie Infinity,https://opensea.io/collection/axie,0xF5b0A3eFB8e8E4c201e2A935F110eAaF3FFEcb8d,0xF5b0A3eFB8e8E4c201e2A935F110eAaF3FFEcb8d,False,LWV2ZW50X3RpbWVzdGFtcD0yMDIxLTA0LTI1KzA2JTNBNDUlM0E0NyYtcGs9MTI2Nzc4NjM1,54.0,50000,300,
56,Zipcy's SuperNormal,https://opensea.io/collection/supernormalbyzipcy,0xd532b88607B1877Fe20c181CBa2550E3BbD6B31C,0xd532b88607B1877Fe20c181CBa2550E3BbD6B31C,False,LWV2ZW50X3RpbWVzdGFtcD0yMDIyLTA1LTMwKzEyJTNBNTQlM0E0My4xMDE4MjEmLXBrPTY1NDUxMDM0MjE=,493.0,50000,300,
57,CyberKongz,https://opensea.io/collection/cyberkongz,0x57a204AA1042f6E66DD7730813f4024114d74f37,0x57a204AA1042f6E66DD7730813f4024114d74f37,False,LWV2ZW50X3RpbWVzdGFtcD0yMDIyLTA1LTEwKzA5JTNBNTklM0E1Ni4zMjE2ODImLXBrPTU5NTc0ODQ2MjM=,171.0,50000,300,
58,Coolman's Universe,https://opensea.io/collection/coolmans-universe,0xa5C0Bd78D1667c13BFB403E2a3336871396713c5,0xa5C0Bd78D1667c13BFB403E2a3336871396713c5,False,LWV2ZW50X3RpbWVzdGFtcD0yMDIyLTA2LTAzKzA3JTNBMTMlM0ExMi4yNDA0NzcmLXBrPTY2NTM1MTI5ODY=,4445.0,50000,300,
59,Voxels (formerly Cryptovoxels),https://opensea.io/collection/cryptovoxels,0x79986aF15539de2db9A5086382daEdA917A9CF0C,0x79986aF15539de2db9A5086382daEdA917A9CF0C,False,LWV2ZW50X3RpbWVzdGFtcD0yMDIyLTA3LTE0KzIzJTNBMzMlM0EzNy4yMzE5NjMmLXBrPTcxNDA5NzA1MjA=,23.0,50000,300,
60,Metroverse Genesis,https://opensea.io/collection/metroverse-genesis,0x0e9d6552b85BE180d941f1cA73Ae3E318D2D4F1F,0x0e9d6552b85BE180d941f1cA73Ae3E318D2D4F1F,False,LWV2ZW50X3RpbWVzdGFtcD0yMDIyLTA2LTExKzA2JTNBMjYlM0EzMS44ODcxOTgmLXBrPTY4MDc2NzMwODU=,446.0,50000,300,
61,VOX Collectibles,https://opensea.io/collection/collectvoxtownstar,0xad9Fd7cB4fC7A0fBCE08d64068f60CbDE22Ed34C,0xad9Fd7cB4fC7A0fBCE08d64068f60CbDE22Ed34C,False,LWV2ZW50X3RpbWVzdGFtcD0yMDIyLTA3LTE5KzEzJTNBMDMlM0E0Ny4xMTcxOTMmLXBrPTcxNjYwMDMzNDc=,50.0,50000,300,
62,Psychedelics Anonymous Genesis,https://opensea.io/collection/psychedelics-anonymous-genesis,0x75E95ba5997Eb235F40eCF8347cDb11F18ff640B,0x75E95ba5997Eb235F40eCF8347cDb11F18ff640B,False,LWV2ZW50X3RpbWVzdGFtcD0yMDIyLTA2LTEzKzA3JTNBMDElM0E1My41MjIxOTUmLXBrPTY4NTU4OTYzMTE=,618.0,50000,300,
63,Worldwide Webb Land,https://opensea.io/collection/worldwidewebbland,0xA1D4657e0E6507D5a94d06DA93E94dC7C8c44b51,0xA1D4657e0E6507D5a94d06DA93E94dC7C8c44b51,False,LWV2ZW50X3RpbWVzdGFtcD0yMDIyLTA3LTIwKzEwJTNBMjAlM0E0NS4wMjcyNDcmLXBrPTcxNzExMzI1OTg=,21.0,50000,300,
64,Capsule House,https://opensea.io/collection/capsulehouse,0xfcB1315C4273954F74Cb16D5b663DBF479EEC62e,0xfcB1315C4273954F74Cb16D5b663DBF479EEC62e,False,LWV2ZW50X3RpbWVzdGFtcD0yMDIyLTA2LTEzKzIzJTNBMzMlM0E1Ny4xNTI0MzMmLXBrPTY4NjkxOTk4OTc=,400.0,50000,300,
65,Town Star,https://opensea.io/collection/town-star,0xc36cF0cFcb5d905B8B513860dB0CFE63F6Cf9F5c,0xc36cF0cFcb5d905B8B513860dB0CFE63F6Cf9F5c,False,LWV2ZW50X3RpbWVzdGFtcD0yMDIyLTA3LTE3KzIxJTNBNDIlM0E0MSYtcGs9NzE1NzA4NTIzNw==,29.0,50000,300,
66,SupDucks,https://opensea.io/collection/supducks,0x3Fe1a4c1481c8351E91B64D5c398b159dE07cbc5,0x3Fe1a4c1481c8351E91B64D5c398b159dE07cbc5,False,LWV2ZW50X3RpbWVzdGFtcD0yMDIyLTA2LTAzKzExJTNBMDUlM0E0NS4yNDkxNDcmLXBrPTY2NTUzNzkyOTY=,50276.0,50000,300,
67,Gutter Cat Gang,https://opensea.io/collection/guttercatgang,0xEdB61f74B0d09B2558F1eeb79B247c1F363Ae452,0xEdB61f74B0d09B2558F1eeb79B247c1F363Ae452,False,LWV2ZW50X3RpbWVzdGFtcD0yMDIyLTA2LTIzKzA2JTNBMzElM0EzNi4xODk4ODAmLXBrPTY5OTUzOTAxODA=,82.0,50000,300,
68,Lives of Asuna,https://opensea.io/collection/livesofasuna,0xAf615B61448691fC3E4c61AE4F015d6e77b6CCa8,0xAf615B61448691fC3E4c61AE4F015d6e77b6CCa8,False,LWV2ZW50X3RpbWVzdGFtcD0yMDIyLTA1LTA4KzE1JTNBNTUlM0EwNC43NTMxODgmLXBrPTU4OTU3NjM3OTU=,502.0,50000,300,
69,Sneaky Vampire Syndicate,https://opensea.io/collection/sneaky-vampire-syndicate,0x219B8aB790dECC32444a6600971c7C3718252539,0x219B8aB790dECC32444a6600971c7C3718252539,False,LWV2ZW50X3RpbWVzdGFtcD0yMDIyLTA2LTIwKzE0JTNBMDElM0EwOS4yMDI5MTAmLXBrPTY5Njc4OTQ0Nzg=,86.0,50000,300,
70,Wolf Game,https://opensea.io/collection/wolf-game,0x7F36182DeE28c45dE6072a34D29855BaE76DBe2f,0x7F36182DeE28c45dE6072a34D29855BaE76DBe2f,False,LWV2ZW50X3RpbWVzdGFtcD0yMDIyLTA2LTEyKzIzJTNBMTYlM0EwNC43ODMzMDImLXBrPTY4NDg5NzIyNzA=,686.0,50000,300,
71,Adam Bomb Squad,https://opensea.io/collection/adam-bomb-squad,0x7AB2352b1D2e185560494D5e577F9D3c238b78C5,0x7AB2352b1D2e185560494D5e577F9D3c238b78C5,False,LWV2ZW50X3RpbWVzdGFtcD0yMDIyLTA3LTE5KzIzJTNBMDMlM0E0MS43MTg3NDYmLXBrPTcxNjgzNjMzNDE=,96.0,50000,300,
72,CryptoSkulls,https://opensea.io/collection/cryptoskulls,0xc1Caf0C19A8AC28c41Fe59bA6c754e4b9bd54dE9,0xc1Caf0C19A8AC28c41Fe59bA6c754e4b9bd54dE9,False,LWV2ZW50X3RpbWVzdGFtcD0yMDIyLTA2LTEwKzEyJTNBNTQlM0EzNy40ODczNjYmLXBrPTY3ODkzNTcyNDA=,548.0,50000,300,
73,Killer GF,https://opensea.io/collection/killergf,0x6bE69b2A9B153737887CfcdCa7781eD1511C7e36,0x6bE69b2A9B153737887CfcdCa7781eD1511C7e36,False,LWV2ZW50X3RpbWVzdGFtcD0yMDIyLTA2LTE1KzEzJTNBMDElM0ExMi44MjA0NjYmLXBrPTY5MDMwNDM0NTU=,731.0,50000,300,
74,Damien Hirst - The Currency,https://opensea.io/collection/thecurrency,0xaaDc2D4261199ce24A4B0a57370c4FCf43BB60aa,0xaaDc2D4261199ce24A4B0a57370c4FCf43BB60aa,False,,17979.0,0,300,job completed
75,MURI by Haus,https://opensea.io/collection/murixhaus,0x4B61413D4392c806E6d0fF5Ee91E6073C21d6430,0x4B61413D4392c806E6d0fF5Ee91E6073C21d6430,False,LWV2ZW50X3RpbWVzdGFtcD0yMDIyLTA1LTE4KzEzJTNBMjYlM0ExMi42NTc1MDYmLXBrPTYyNjM5OTgxODI=,8449.0,50000,300,
76,888 inner circle,https://opensea.io/collection/888innercircle,0x36d30B3b85255473D27dd0F7fD8F35e36a9d6F06,0x36d30B3b85255473D27dd0F7fD8F35e36a9d6F06,False,LWV2ZW50X3RpbWVzdGFtcD0yMDIyLTAxLTAzKzAwJTNBMzYlM0EwNC42OTg3ODAmLXBrPTI3MjIxMTUzMDE=,65.0,50000,300,
77,NeoTokyo Outer Identities,https://opensea.io/collection/neotokyo-outer-identities,0x698FbAACA64944376e2CDC4CAD86eaa91362cF54,0x698FbAACA64944376e2CDC4CAD86eaa91362cF54,False,,4973.0,0,300,job completed
78,Autoglyphs,https://opensea.io/collection/autoglyphs,0xd4e4078ca3495DE5B1d4dB434BEbc5a986197782,0xd4e4078ca3495DE5B1d4dB434BEbc5a986197782,False,,119.0,0,300,job completed
79,Impostors Genesis Aliens,https://opensea.io/collection/impostors-genesis-aliens,0x3110EF5f612208724CA51F5761A69081809F03B7,0x3110EF5f612208724CA51F5761A69081809F03B7,False,LWV2ZW50X3RpbWVzdGFtcD0yMDIyLTA1LTE1KzE4JTNBNDclM0EwNS4yOTAyNTQmLXBrPTYxNTY2ODAyNDE=,1041.0,50000,300,
80,Ragnarok Meta,https://opensea.io/collection/ragnarok-meta,0x497a9A79e82e6fC0FF10a16f6F75e6fcd5aE65a8,0x497a9A79e82e6fC0FF10a16f6F75e6fcd5aE65a8,False,LWV2ZW50X3RpbWVzdGFtcD0yMDIyLTA3LTA4KzAyJTNBNTAlM0E0NS4xNzkxNTUmLXBrPTcwOTgxNTcwMzc=,62.0,50000,300,
81,CryptoPunks V1 (wrapped),https://opensea.io/collection/official-v1-punks,0x282BDD42f4eb70e7A9D9F40c8fEA0825B7f68C5D,0x282BDD42f4eb70e7A9D9F40c8fEA0825B7f68C5D,False,LWV2ZW50X3RpbWVzdGFtcD0yMDIyLTA2LTExKzAxJTNBNDclM0EzMC42NDk5NzcmLXBrPTY4MDMwNTIxMDE=,237.0,50000,300,
82,JUNGLE FREAKS GENESIS,https://opensea.io/collection/jungle-freaks-genesis,0x7E6Bc952d4b4bD814853301bEe48E99891424de0,0x7E6Bc952d4b4bD814853301bEe48E99891424de0,False,LWV2ZW50X3RpbWVzdGFtcD0yMDIyLTA1LTMwKzAzJTNBNTElM0E0My4xNzczMjImLXBrPTY1MzczNzY0OTg=,77.0,50000,300,
83,oncyber labs,https://opensea.io/collection/oncyber,0x226Bf5293692610692E2C996C9875C914d2A7f73,0x226Bf5293692610692E2C996C9875C914d2A7f73,False,LWV2ZW50X3RpbWVzdGFtcD0yMDIxLTEyLTI2KzEzJTNBNDQlM0EyOCYtcGs9MjYyMTg0ODkxMw==,261.0,50000,300,
84,MoonCats,https://opensea.io/collection/acclimatedmooncats,0xc3f733ca98E0daD0386979Eb96fb1722A1A05E69,0xc3f733ca98E0daD0386979Eb96fb1722A1A05E69,False,LWV2ZW50X3RpbWVzdGFtcD0yMDIyLTA3LTE5KzA2JTNBMzklM0EwOS4xMDkxMzMmLXBrPTcxNjQ0OTM4NzE=,10.0,50000,300,
85,Bears Deluxe,https://opensea.io/collection/bears-deluxe,0x4BB33f6E69fd62cf3abbcC6F1F43b94A5D572C2B,0x4BB33f6E69fd62cf3abbcC6F1F43b94A5D572C2B,False,LWV2ZW50X3RpbWVzdGFtcD0yMDIyLTA1LTE3KzEwJTNBNDAlM0E1NS41NzY0MzQmLXBrPTYyMjI4OTA1MDk=,4409.0,50000,300,
86,Arcade Land,https://opensea.io/collection/arcade-land,0x4a8C9D751EEAbc5521A68FB080DD7E72E46462aF,0x4a8C9D751EEAbc5521A68FB080DD7E72E46462aF,False,LWV2ZW50X3RpbWVzdGFtcD0yMDIyLTA3LTIwKzAxJTNBMjYlM0E1NC43ODA0MDAmLXBrPTcxNjg4Nzk3NDA=,38.0,50000,300,
87,PROOF Collective,https://opensea.io/collection/proof-collective,0x08D7C0242953446436F34b4C78Fe9da38c73668d,0x08D7C0242953446436F34b4C78Fe9da38c73668d,False,LWV2ZW50X3RpbWVzdGFtcD0yMDIyLTA1LTEyKzE5JTNBMzclM0EzMC40MzEyMDQmLXBrPTYwMzk0OTczMjU=,387.0,50000,300,
88,GalacticApes,https://opensea.io/collection/galacticapes,0x12d2D1beD91c24f878F37E66bd829Ce7197e4d14,0x12d2D1beD91c24f878F37E66bd829Ce7197e4d14,False,,37021.0,0,300,job completed
89,Rumble Kong League,https://opensea.io/collection/rumble-kong-league,0xEf0182dc0574cd5874494a120750FD222FdB909a,0xEf0182dc0574cd5874494a120750FD222FdB909a,False,LWV2ZW50X3RpbWVzdGFtcD0yMDIyLTA2LTE0KzA0JTNBMDMlM0ExNS4wMzA3MzEmLXBrPTY4NzI4MDgwMzk=,206.0,50000,300,
90,Lil' Heroes by Edgar Plans,https://opensea.io/collection/lil-heroes-by-edgar-plans,0xD78b76Fcc33cd416dA9d3D42f72649a23D7AC647,0xD78b76Fcc33cd416dA9d3D42f72649a23D7AC647,False,LWV2ZW50X3RpbWVzdGFtcD0yMDIyLTA2LTE0KzEzJTNBMTglM0EyNi40MTA5MTgmLXBrPTY4ODE2ODg2MzE=,1002.0,50000,300,
91,Murakami.Flowers Official,https://opensea.io/collection/murakami-flowers-2022-official,0x7D8820FA92EB1584636f4F5b8515B5476B75171a,0x7D8820FA92EB1584636f4F5b8515B5476B75171a,False,LWV2ZW50X3RpbWVzdGFtcD0yMDIyLTA2LTIxKzA0JTNBNDElM0E0OS41NDE4NjAmLXBrPTY5NzQzMDg1Njc=,201.0,50000,300,
92,tubby cats,https://opensea.io/collection/tubby-cats,0xCa7cA7BcC765F77339bE2d648BA53ce9c8a262bD,0xCa7cA7BcC765F77339bE2d648BA53ce9c8a262bD,False,LWV2ZW50X3RpbWVzdGFtcD0yMDIyLTA2LTE3KzAwJTNBNTklM0E0Ni4wNzAzMjUmLXBrPTY5MjcyNzM2NjI=,674.0,50000,300,
93,CryptoBatz by Ozzy Osbourne,https://opensea.io/collection/cryptobatz-by-ozzy-osbourne,0xc8adFb4D437357D0A656D4e62fd9a6D22e401aa0,0xc8adFb4D437357D0A656D4e62fd9a6D22e401aa0,False,LWV2ZW50X3RpbWVzdGFtcD0yMDIyLTA2LTE0KzE1JTNBMzMlM0E0MS4xNjAxMTkmLXBrPTY4ODM4NDc1ODM=,78.0,50000,300,
94,VOX Collectibles: Mirandus,https://opensea.io/collection/collectvoxmirandus,0xf76179bb0924BA7da8E7b7Fc2779495D7A7939d8,0xf76179bb0924BA7da8E7b7Fc2779495D7A7939d8,False,LWV2ZW50X3RpbWVzdGFtcD0yMDIyLTA2LTI4KzE2JTNBMDYlM0EzNi4wNDkxMDEmLXBrPTcwMjc4ODgyNjU=,293.0,50000,300,
95,MutantCats,https://opensea.io/collection/mutantcats,0xaAdBA140Ae5e4c8a9eF0Cc86EA3124b446e3E46A,0xaAdBA140Ae5e4c8a9eF0Cc86EA3124b446e3E46A,False,LWV2ZW50X3RpbWVzdGFtcD0yMDIyLTA1LTMwKzIyJTNBNTclM0EwMS44MjgwNTYmLXBrPTY1NTkxOTM5MjA=,369.0,50000,300,
96,MetaHero Universe: Generative Identities,https://opensea.io/collection/metahero-generative,0x6dc6001535e15b9def7b0f6A20a2111dFA9454E2,0x6dc6001535e15b9def7b0f6A20a2111dFA9454E2,False,LWV2ZW50X3RpbWVzdGFtcD0yMDIyLTA2LTI3KzIzJTNBMDQlM0E0OS43Mjg3MDYmLXBrPTcwMjI5MDA1MDE=,249.0,50000,300,
97,DEGEN TOONZ COLLECTION,https://opensea.io/collection/degentoonz-collection,0x19b86299c21505cdf59cE63740B240A9C822b5E4,0x19b86299c21505cdf59cE63740B240A9C822b5E4,False,LWV2ZW50X3RpbWVzdGFtcD0yMDIyLTA3LTEzKzAyJTNBNDIlM0ExNC4xNDE0MzUmLXBrPTcxMjk2MTQ2ODA=,206.0,50000,300,
98,JRNY Club,https://opensea.io/collection/jrny-club-official,0x0b4B2bA334f476C8F41bFe52A428D6891755554d,0x0b4B2bA334f476C8F41bFe52A428D6891755554d,False,LWV2ZW50X3RpbWVzdGFtcD0yMDIyLTA1LTI3KzA4JTNBMzclM0E0OS4xMDM1NzUmLXBrPTY0NTUxMTU1NTU=,833.0,50000,300,
99,My Pet Hooligan,https://opensea.io/collection/mypethooligan,0x09233d553058c2F42ba751C87816a8E9FaE7Ef10,0x09233d553058c2F42ba751C87816a8E9FaE7Ef10,False,LWV2ZW50X3RpbWVzdGFtcD0yMDIyLTA3LTE5KzA3JTNBMjclM0EwMS45NjM2NzkmLXBrPTcxNjQ2ODgwNjE=,55.0,50000,300,
100,Robotos,https://opensea.io/collection/robotos-official,0x099689220846644F87D1137665CDED7BF3422747,0x099689220846644F87D1137665CDED7BF3422747,False,LWV2ZW50X3RpbWVzdGFtcD0yMDIyLTA0LTIzKzIwJTNBMTElM0EyMi4xODczNDImLXBrPTUzNDU3NzAxNTA=,10077.0,10000,300,
101,Boss Beauties,https://opensea.io/collection/bossbeauties,0xB5C747561a185A146f83cFff25BdfD2455b31fF4,0xB5C747561a185A146f83cFff25BdfD2455b31fF4,False,LWV2ZW50X3RpbWVzdGFtcD0yMDIyLTA3LTEzKzA4JTNBNTQlM0E1MS45MzgxNTQmLXBrPTcxMzE1MTQxODI=,48.0,50000,300,
102,KIWAMI Genesis,https://opensea.io/collection/kiwami-genesis,0x701A038aF4Bd0fc9b69A829DdcB2f61185a49568,0x701A038aF4Bd0fc9b69A829DdcB2f61185a49568,False,,23983.0,0,300,job completed
103,FULL SEND METACARD NFT,https://opensea.io/collection/metacard-by-fullsend,0x7eCb204feD7e386386CAb46a1fcB823ec5067aD5,0x7eCb204feD7e386386CAb46a1fcB823ec5067aD5,False,LWV2ZW50X3RpbWVzdGFtcD0yMDIyLTA1LTI4KzEwJTNBMTklM0E1Ni40Njg1NzMmLXBrPTY0OTAwMDcxMjc=,2404.0,50000,300,
104,Anonymice,https://opensea.io/collection/anonymice,0xbad6186E92002E312078b5a1dAfd5ddf63d3f731,0xbad6186E92002E312078b5a1dAfd5ddf63d3f731,False,LWV2ZW50X3RpbWVzdGFtcD0yMDIyLTA1LTE0KzE3JTNBMzAlM0E1MC41MTgzMzQmLXBrPTYxMTM3MTU5MTc=,733.0,50000,300,
105,Pixelmon - Generation 1,https://opensea.io/collection/pixelmongen1,0x32973908FaeE0Bf825A343000fE412ebE56F802A,0x32973908FaeE0Bf825A343000fE412ebE56F802A,False,LWV2ZW50X3RpbWVzdGFtcD0yMDIyLTA3LTAyKzAyJTNBNTIlM0EyMC45Mjg3NDgmLXBrPTcwNTIxNTc5MjY=,150.0,50000,300,
106,HYPEBEARSCLUB.OFFICIAL,https://opensea.io/collection/hype-bears-club-official-,0x14e0a1F310E2B7E321c91f58847e98b8C802f6eF,0x14e0a1F310E2B7E321c91f58847e98b8C802f6eF,False,LWV2ZW50X3RpbWVzdGFtcD0yMDIyLTA2LTEwKzIyJTNBMDklM0EwNS44NTIyNTAmLXBrPTY3OTkzODUyMTY=,461.0,50000,300,
107,Treeverse Plots,https://opensea.io/collection/treeverse-plots,0x1B829B926a14634d36625e60165c0770C09D02b2,0x1B829B926a14634d36625e60165c0770C09D02b2,False,LWV2ZW50X3RpbWVzdGFtcD0yMDIyLTA2LTE2KzAyJTNBNTElM0E0Mi4xMjYzMzAmLXBrPTY5MTMyNDg1OTA=,54.0,50000,300,
108,Galaxy-Eggs,https://opensea.io/collection/galaxyeggs9999,0xA08126f5E1ED91A635987071E6FF5EB2aEb67C48,0xA08126f5E1ED91A635987071E6FF5EB2aEb67C48,False,LWV2ZW50X3RpbWVzdGFtcD0yMDIyLTA1LTE2KzAyJTNBNTMlM0EwMS4xMzM5MzcmLXBrPTYxNzEzMTI1NTM=,271.0,50000,300,
109,RaidParty Heroes,https://opensea.io/collection/raidparty,0x966731dFD9b9925DD105FF465687F5aA8f54Ee9f,0x966731dFD9b9925DD105FF465687F5aA8f54Ee9f,False,LWV2ZW50X3RpbWVzdGFtcD0yMDIyLTA2LTAxKzA4JTNBMjclM0ExNi4xNDUyNzEmLXBrPTY2MDU4MjkwMjY=,245.0,50000,300,
110,Neo Tokyo Identities,https://opensea.io/collection/neo-tokyo-identities,0x86357A19E5537A8Fba9A004E555713BC943a66C0,0x86357A19E5537A8Fba9A004E555713BC943a66C0,False,,5728.0,0,300,job completed
111,Forgotten Runes Wizards Cult,https://opensea.io/collection/forgottenruneswizardscult,0x521f9C7505005CFA19A8E5786a9c3c9c9F5e6f42,0x521f9C7505005CFA19A8E5786a9c3c9c9F5e6f42,False,LWV2ZW50X3RpbWVzdGFtcD0yMDIyLTA1LTExKzEzJTNBMjIlM0EzOC42MzE4ODcmLXBrPTYwMDE0ODkxODE=,5081.0,50000,300,
112,Quirkies Originals,https://opensea.io/collection/quirkiesoriginals,0x3903d4fFaAa700b62578a66e7a67Ba4cb67787f9,0x3903d4fFaAa700b62578a66e7a67Ba4cb67787f9,False,LWV2ZW50X3RpbWVzdGFtcD0yMDIyLTA3LTExKzE1JTNBMDQlM0E0My41MTY2NTkmLXBrPTcxMTkzNDcwMTc=,180.0,50000,300,
113,CryptoMories,https://opensea.io/collection/cryptomories,0x1a2F71468F656E97c2F86541E57189F59951efe7,0x1a2F71468F656E97c2F86541E57189F59951efe7,False,LWV2ZW50X3RpbWVzdGFtcD0yMDIyLTA2LTEzKzAwJTNBMzQlM0EyMy40MDIwMTkmLXBrPTY4NTAyMzkzMjA=,399.0,50000,300,
114,RaidParty Fighters,https://opensea.io/collection/raidpartyfighters,0x87E738a3d5E5345d6212D8982205A564289e6324,0x87E738a3d5E5345d6212D8982205A564289e6324,False,LWV2ZW50X3RpbWVzdGFtcD0yMDIyLTA1LTE5KzAyJTNBMDglM0EwOSYtcGs9NjI4NTUwMTY2OA==,258.0,50000,300,
115,hausphases by Haus,https://opensea.io/collection/hausphases,0x5be99338289909d6dbBC57bb791140Ef85cCbCAB,0x5be99338289909d6dbBC57bb791140Ef85cCbCAB,False,LWV2ZW50X3RpbWVzdGFtcD0yMDIyLTA2LTIxKzE3JTNBNTYlM0E0Mi44NDA0NTEmLXBrPTY5Nzk2MjEyMTU=,715.0,50000,300,
116,C-01 Official Collection,https://opensea.io/collection/c-01-official-collection,0x6FD053BfF10512d743Fa36C859e49351a4920df6,0x6FD053BfF10512d743Fa36C859e49351a4920df6,False,LWV2ZW50X3RpbWVzdGFtcD0yMDIyLTA0LTI2KzEyJTNBNDQlM0ExOS4yMDYyMDkmLXBrPTU0NDYyOTY4MDY=,611.0,50000,300,
117,Wolf Game Legacy,https://opensea.io/collection/wolf-game-legacy,0xEB834ae72B30866af20a6ce5440Fa598BfAd3a42,0xEB834ae72B30866af20a6ce5440Fa598BfAd3a42,False,LWV2ZW50X3RpbWVzdGFtcD0yMDIxLTExLTI4KzAyJTNBMTglM0E1OC44MTM4NjYmLXBrPTIyMTQ0Mjc3ODk=,291.0,50000,300,
118,PREMINT Collector Pass - OFFICIAL,https://opensea.io/collection/premint-collector,0xe0176bA60efddb29Cac5b15338C9962dAee9de0c,0xe0176bA60efddb29Cac5b15338C9962dAee9de0c,False,LWV2ZW50X3RpbWVzdGFtcD0yMDIyLTA2LTE3KzAyJTNBNTQlM0E0My40NjI2MzEmLXBrPTY5Mjg2MzM1NTY=,266.0,50000,300,
119,Crypto Bull Society,https://opensea.io/collection/crypto-bull-society,0x469823c7B84264D1BAfBcD6010e9cdf1cac305a3,0x469823c7B84264D1BAfBcD6010e9cdf1cac305a3,False,LWV2ZW50X3RpbWVzdGFtcD0yMDIyLTA2LTE2KzE1JTNBMTklM0E0OC4wMTc1OTQmLXBrPTY5MjE2MTA0NTc=,609.0,50000,300,
120,Frontier Game,https://opensea.io/collection/frontiergame,0x236672Ed575E1e479b8E101AEeb920F32361f6F9,0x236672Ed575E1e479b8E101AEeb920F32361f6F9,False,LWV2ZW50X3RpbWVzdGFtcD0yMDIyLTA2LTI4KzAwJTNBMDQlM0E0Ni42NTM4MjImLXBrPTcwMjMzMjk4MTQ=,11.0,50000,300,
121,ZombieClub Token,https://opensea.io/collection/zombieclub-token,0x9c80777CAe192E5031c38A0d951C55730eCC3f5e,0x9c80777CAe192E5031c38A0d951C55730eCC3f5e,False,LWV2ZW50X3RpbWVzdGFtcD0yMDIyLTA1LTMxKzE4JTNBMjAlM0EwMC4xMDc4NjMmLXBrPTY1ODU5MDk1OTM=,200.0,50000,300,
122,Koala Intelligence Agency,https://opensea.io/collection/koala-intelligence-agency,0x3f5FB35468e9834A43dcA1C160c69EaAE78b6360,0x3f5FB35468e9834A43dcA1C160c69EaAE78b6360,False,LWV2ZW50X3RpbWVzdGFtcD0yMDIyLTA1LTE0KzE1JTNBMjAlM0E1MS40MTI5MjAmLXBrPTYxMDk3NTk1NzM=,51.0,50000,300,
123,Chain Runners,https://opensea.io/collection/chain-runners-nft,0x97597002980134beA46250Aa0510C9B90d87A587,0x97597002980134beA46250Aa0510C9B90d87A587,False,LWV2ZW50X3RpbWVzdGFtcD0yMDIyLTA1LTE5KzEyJTNBMTclM0E1Ni41NjEzOTgmLXBrPTYzMDEzNzUzNjg=,1004.0,50000,300,
124,Crypto.Chicks,https://opensea.io/collection/the-crypto-chicks,0x1981CC36b59cffdd24B01CC5d698daa75e367e04,0x1981CC36b59cffdd24B01CC5d698daa75e367e04,False,LWV2ZW50X3RpbWVzdGFtcD0yMDIyLTA3LTAzKzE3JTNBNTglM0EzOC43MzQzMDkmLXBrPTcwNjM2OTkwNjQ=,76.0,50000,300,
125,OxyaOriginProject,https://opensea.io/collection/oxyaoriginproject,0xE106C63E655dF0E300b78336af587F300Cff9e76,0xE106C63E655dF0E300b78336af587F300Cff9e76,False,LWV2ZW50X3RpbWVzdGFtcD0yMDIyLTA2LTIwKzExJTNBMjAlM0ExMC42Nzc0MDImLXBrPTY5NjY4Mzc2MzY=,576.0,50000,300,
126,THE SHIBOSHIS,https://opensea.io/collection/theshiboshis,0x11450058d796B02EB53e65374be59cFf65d3FE7f,0x11450058d796B02EB53e65374be59cFf65d3FE7f,False,LWV2ZW50X3RpbWVzdGFtcD0yMDIyLTA2LTI2KzE4JTNBNTQlM0ExNy44MzU0MzMmLXBrPTcwMTQ1MDIzNTc=,88.0,50000,300,
127,Akutars,https://opensea.io/collection/akutars,0xaaD35C2DadbE77f97301617D82e661776c891Fa9,0xaaD35C2DadbE77f97301617D82e661776c891Fa9,False,LWV2ZW50X3RpbWVzdGFtcD0yMDIyLTA1LTAzKzE1JTNBMTAlM0EwMS42MzYwMzAmLXBrPTU3MDQ3NDM2MzE=,25420.0,50000,300,
128,The Heart Project,https://opensea.io/collection/heartnfts,0xce50f3cA1F1Dbd6Fa042666bC0e369565dda457D,0xce50f3cA1F1Dbd6Fa042666bC0e369565dda457D,False,LWV2ZW50X3RpbWVzdGFtcD0yMDIyLTA1LTE5KzIwJTNBMTAlM0EwNS41ODQzMjUmLXBrPTYzMTU3MzgzMTQ=,383.0,50000,300,
129,"""MOAR"" by Joan Cornella",https://opensea.io/collection/official-moar-by-joan-cornella,0xeB3a9A839dFeEaf71db1B4eD6a8ae0cCB171b227,0xeB3a9A839dFeEaf71db1B4eD6a8ae0cCB171b227,False,LWV2ZW50X3RpbWVzdGFtcD0yMDIyLTA0LTIyKzE5JTNBNTYlM0EzNy43NDA3NDYmLXBrPTUzMDg4NzI4OTg=,15625.0,50000,300,
130,The Humanoids,https://opensea.io/collection/thehumanoids,0x3a5051566b2241285BE871f650C445A88A970edd,0x3a5051566b2241285BE871f650C445A88A970edd,False,LWV2ZW50X3RpbWVzdGFtcD0yMDIyLTA0LTE5KzE4JTNBMzElM0ExMy4zNjc5MzQmLXBrPTUxOTcxMjM4OTk=,998.0,50000,300,
131,The Sevens - Genesis,https://opensea.io/collection/the-sevens-genesis,0xf497253C2bB7644ebb99e4d9ECC104aE7a79187A,0xf497253C2bB7644ebb99e4d9ECC104aE7a79187A,False,LWV2ZW50X3RpbWVzdGFtcD0yMDIyLTA0LTIzKzE5JTNBNTYlM0EyNC43Njg1ODYmLXBrPTUzNDUzNzU5NjE=,599.0,50000,300,
132,Creepz Shapeshifterz,https://opensea.io/collection/creepz-shapeshifterz,0xF1083e064F92db0561fd540F982Cbf73A4e2F8f6,0xF1083e064F92db0561fd540F982Cbf73A4e2F8f6,False,,1830.0,0,300,job completed
133,OnChainMonkey,https://opensea.io/collection/onchainmonkey,0x960b7a6BCD451c9968473f7bbFd9Be826EFd549A,0x960b7a6BCD451c9968473f7bbFd9Be826EFd549A,False,LWV2ZW50X3RpbWVzdGFtcD0yMDIyLTA2LTEyKzIxJTNBMTIlM0ExMC4wMDAxMjUmLXBrPTY4NDY4Njc4NjA=,686.0,50000,300,
134,inBetweeners by GianPiero,https://opensea.io/collection/inbetweeners,0x94638Cbf3c54c1f956a5F05cBC0F9aFb6822020d,0x94638Cbf3c54c1f956a5F05cBC0F9aFb6822020d,False,LWV2ZW50X3RpbWVzdGFtcD0yMDIyLTA2LTIyKzA2JTNBMjElM0E1Ny4yMDcxNTcmLXBrPTY5ODUzODk0NTA=,59.0,50000,300,
135,IO: Imaginary Ones,https://opensea.io/collection/io-imaginary-ones,0x716F29B8972D551294d9E02B3eb0fC1107FbF4aA,0x716F29B8972D551294d9E02B3eb0fC1107FbF4aA,False,LWV2ZW50X3RpbWVzdGFtcD0yMDIyLTA3LTE3KzAyJTNBMDQlM0E0OC42MTEyNjYmLXBrPTcxNTI1NTAwNjg=,271.0,50000,300,
136,MetaHero Universe: United Planets,https://opensea.io/collection/unitedplanets,0x7dEB7Bce4d360Ebe68278dee6054b882aa62D19c,0x7dEB7Bce4d360Ebe68278dee6054b882aa62D19c,False,LWV2ZW50X3RpbWVzdGFtcD0yMDIyLTAxLTEzKzAzJTNBMjclM0EwNi4zNDA4OTUmLXBrPTI4NjM5NDgyMTY=,318.0,50000,300,
137,PEACEFUL GROUPIES,https://opensea.io/collection/peaceful-groupies,0x4f89Cd0CAE1e54D98db6a80150a824a533502EEa,0x4f89Cd0CAE1e54D98db6a80150a824a533502EEa,False,LWV2ZW50X3RpbWVzdGFtcD0yMDIyLTAxLTAxKzAyJTNBNDUlM0EyMC42NjI3NDgmLXBrPTI2OTU3Njg2NDA=,5068.0,50000,300,
138,FVCK_CRYSTAL//,https://opensea.io/collection/fvck-crystal,0x7AfEdA4c714e1C0A2a1248332c100924506aC8e6,0x7AfEdA4c714e1C0A2a1248332c100924506aC8e6,False,LWV2ZW50X3RpbWVzdGFtcD0yMDIyLTA1LTI5KzE3JTNBMDglM0ExNi40NTc5MjImLXBrPTY1MzE5NTY1NDc=,271.0,50000,300,
139,Desperate ApeWives,https://opensea.io/collection/desperate-ape-wives,0xF1268733C6FB05EF6bE9cF23d24436Dcd6E0B35E,0xF1268733C6FB05EF6bE9cF23d24436Dcd6E0B35E,False,LWV2ZW50X3RpbWVzdGFtcD0yMDIyLTA2LTA0KzE1JTNBMDYlM0EwOC4yMzk2MTUmLXBrPTY2OTA5MTkyMDg=,409.0,50000,300,
140,We Are All Going to Die,https://opensea.io/collection/we-are-all-going-to-die,0x659A4BdaAaCc62d2bd9Cb18225D9C89b5B697A5A,0x659A4BdaAaCc62d2bd9Cb18225D9C89b5B697A5A,False,LWV2ZW50X3RpbWVzdGFtcD0yMDIyLTA3LTA3KzAzJTNBNTMlM0EwMi4zMzIyOTgmLXBrPTcwOTEzNDgxNjA=,82.0,50000,300,
141,The CryptoDads,https://opensea.io/collection/thecryptodads,0xECDD2F733bD20E56865750eBcE33f17Da0bEE461,0xECDD2F733bD20E56865750eBcE33f17Da0bEE461,False,LWV2ZW50X3RpbWVzdGFtcD0yMDIyLTA0LTAzKzExJTNBMjklM0ExOS41MDk2NTkmLXBrPTQ2NzI4MjEyMTc=,545.0,50000,300,
142,Wizards & Dragons Game (WnD),https://opensea.io/collection/wizards-dragons-game-v2,0x999e88075692bCeE3dBC07e7E64cD32f39A1D3ab,0x999e88075692bCeE3dBC07e7E64cD32f39A1D3ab,False,LWV2ZW50X3RpbWVzdGFtcD0yMDIyLTA1LTE1KzA1JTNBMzElM0E1MiYtcGs9NjEzMzk1NTgyMA==,17.0,50000,300,
143,Tasty Bones XYZ,https://opensea.io/collection/tastybonesxyz,0x1b79c7832ed9358E024F9e46E9c8b6f56633691B,0x1b79c7832ed9358E024F9e46E9c8b6f56633691B,False,LWV2ZW50X3RpbWVzdGFtcD0yMDIyLTA2LTE3KzA0JTNBMDAlM0EzMC45MDAyNzAmLXBrPTY5MjkzMjA1OTI=,435.0,50000,300,
144,Chimpers,https://opensea.io/collection/chimpersnft,0x80336Ad7A747236ef41F47ed2C7641828a480BAA,0x80336Ad7A747236ef41F47ed2C7641828a480BAA,False,LWV2ZW50X3RpbWVzdGFtcD0yMDIyLTA3LTAyKzA0JTNBNDMlM0E1MC4yNDEyMDEmLXBrPTcwNTI1ODk3ODA=,266.0,50000,300,
145,Rug Radio - Genesis NFT,https://opensea.io/collection/ruggenesis-nft,0x8ff1523091c9517BC328223D50b52Ef450200339,0x8ff1523091c9517BC328223D50b52Ef450200339,False,LWV2ZW50X3RpbWVzdGFtcD0yMDIyLTA3LTA5KzE4JTNBMzYlM0E1MS4zODY1MjUmLXBrPTcxMDg1NDcxMDU=,319.0,50000,300,
146,Ape Kids Club (AKC),https://opensea.io/collection/akc,0x9Bf252f97891b907F002F2887EfF9246e3054080,0x9Bf252f97891b907F002F2887EfF9246e3054080,False,LWV2ZW50X3RpbWVzdGFtcD0yMDIyLTA0LTI1KzA0JTNBNTclM0EzNS45MDIyNTUmLXBrPTUzOTcwNTQ5MTM=,475.0,50000,300,
147,the littles NFT,https://opensea.io/collection/thelittlesnft,0xc6ec80029CD2aa4B0021cEb11248C07b25D2DE34,0xc6ec80029CD2aa4B0021cEb11248C07b25D2DE34,False,LWV2ZW50X3RpbWVzdGFtcD0yMDIyLTA3LTE5KzAwJTNBNTklM0EwMi43MDg5MDAmLXBrPTcxNjMyMjE1NjU=,238.0,50000,300,
148,DourDarcels,https://opensea.io/collection/dourdarcels,0x8d609Bd201bEaea7DccbfbD9c22851e23Da68691,0x8d609Bd201bEaea7DccbfbD9c22851e23Da68691,False,LWV2ZW50X3RpbWVzdGFtcD0yMDIyLTA3LTIwKzA4JTNBMTElM0EwNi43MDc4NDQmLXBrPTcxNzA1NTI2MTU=,12.0,50000,300,
149,Animetas,https://opensea.io/collection/animetas,0x18Df6C571F6fE9283B87f910E41dc5c8b77b7da5,0x18Df6C571F6fE9283B87f910E41dc5c8b77b7da5,False,LWV2ZW50X3RpbWVzdGFtcD0yMDIyLTA1LTAyKzAzJTNBMTAlM0E0Ny42OTg2NzEmLXBrPTU2NDg3NDU3NDE=,929.0,50000,300,
150,Boki,https://opensea.io/collection/bokinftofficial,0x248139aFB8d3A2e16154FbE4Fb528A3a214fd8E7,0x248139aFB8d3A2e16154FbE4Fb528A3a214fd8E7,False,LWV2ZW50X3RpbWVzdGFtcD0yMDIyLTA3LTE3KzE5JTNBMzAlM0ExNC4zNjU5NTMmLXBrPTcxNTY1NzkzMzg=,67.0,50000,300,
151,Smilesss,https://opensea.io/collection/smilesss,0x177EF8787CEb5D4596b6f011df08C86eb84380dC,0x177EF8787CEb5D4596b6f011df08C86eb84380dC,False,LWV2ZW50X3RpbWVzdGFtcD0yMDIyLTA0LTI4KzEwJTNBMDAlM0E1OS44NjEyNDAmLXBrPTU1MTMxNDc2NDM=,50073.0,50000,300,
